/*
 Navicat Premium Data Transfer

 Source Server         : Data
 Source Server Type    : MySQL
 Source Server Version : 80019
 Source Host           : localhost:3306
 Source Schema         : my_db_01

 Target Server Type    : MySQL
 Target Server Version : 80019
 File Encoding         : 65001

 Date: 23/06/2022 20:49:01
*/

SET NAMES utf8mb4;
SET FOREIGN_KEY_CHECKS = 0;

-- ----------------------------
-- Table structure for ev_article
-- ----------------------------
DROP TABLE IF EXISTS `ev_article`;
CREATE TABLE `ev_article`  (
  `id` int(0) NOT NULL AUTO_INCREMENT,
  `title` varchar(255) CHARACTER SET utf8mb4 COLLATE utf8mb4_0900_ai_ci NOT NULL,
  `content` text CHARACTER SET utf8mb4 COLLATE utf8mb4_0900_ai_ci NOT NULL,
  `cover_img` varchar(255) CHARACTER SET utf8mb4 COLLATE utf8mb4_0900_ai_ci NOT NULL,
  `pub_date` varchar(255) CHARACTER SET utf8mb4 COLLATE utf8mb4_0900_ai_ci NOT NULL,
  `state` varchar(255) CHARACTER SET utf8mb4 COLLATE utf8mb4_0900_ai_ci NOT NULL,
  `is_delete` tinyint(0) NOT NULL DEFAULT 0 COMMENT '0 表示 没有被删除\\n1 表示 被删除',
  `cate_id` int(0) NOT NULL,
  `author_id` int(0) NOT NULL,
  PRIMARY KEY (`id`) USING BTREE,
  UNIQUE INDEX `id_UNIQUE`(`id`) USING BTREE
) ENGINE = InnoDB AUTO_INCREMENT = 4 CHARACTER SET = utf8mb4 COLLATE = utf8mb4_0900_ai_ci COMMENT = '文章表' ROW_FORMAT = Dynamic;

-- ----------------------------
-- Records of ev_article
-- ----------------------------
INSERT INTO `ev_article` VALUES (1, '1', 'safsfs', '\\uploads\\3e7bbe0ba242c78fddd341471df332f6', '2022-04-14 10:00:47.568', '草稿', 1, 1, 2);
INSERT INTO `ev_article` VALUES (2, '壁纸', '我的桌面壁纸', '\\uploads\\339653ab2f93e99df514ea8308e4b95f', '2022-04-14 10:01:21.963', '已发布', 0, 2, 2);
INSERT INTO `ev_article` VALUES (3, '原型链', '原型链', '\\uploads\\d4825b08bf27a99b085276007a9c0632', '2022-04-14 10:03:04.743', '已发布', 0, 1, 2);
INSERT INTO `ev_article` VALUES (4, 'aa', '<p>asd</p>', '\\uploads\\44ce07e55bf605a18c2cf32201989148', '2022-06-23 08:46:08.132', '已发布', 1, 1, 17);
INSERT INTO `ev_article` VALUES (5, '萨达', '<p>dfgfsdg</p>', '\\uploads\\8aae7b33b7e67280fc6f7f60616ae705', '2022-06-23 08:46:40.945', '草稿', 1, 5, 17);
INSERT INTO `ev_article` VALUES (6, 'as', '<p>asdas</p>', '\\uploads\\f03214f0a77ffc4f383b0faccd25cf18', '2022-06-23 08:47:18.267', '草稿', 1, 3, 17);
INSERT INTO `ev_article` VALUES (7, '圣埃蒂安', '<p>bsgfg</p>', '\\uploads\\1e08bc0ffb63cd72309bd7191f55aec1', '2022-06-23 08:47:37.325', '草稿', 1, 2, 17);
INSERT INTO `ev_article` VALUES (8, 'sas', '<p>dasfdsa</p>', '\\uploads\\e1ae464fe8a33b5c2c33f136ee800e9a', '2022-06-23 08:47:51.465', '草稿', 1, 3, 17);
INSERT INTO `ev_article` VALUES (9, 'sad', '<p>dg</p>', '\\uploads\\7b9571b7418c8f67259cc0d6fccb95a6', '2022-06-23 08:48:00.160', '草稿', 1, 5, 17);
INSERT INTO `ev_article` VALUES (10, 'as', '<p>gadfg</p>', '\\uploads\\f723b7592a1ca89a92f9e9b3dabec8d0', '2022-06-23 08:50:40.065', '草稿', 1, 2, 17);
INSERT INTO `ev_article` VALUES (11, 'sad', '<p>hgjhfjfh</p>', '\\uploads\\3c30c5a9c1c58641197ba8d46613db04', '2022-06-23 09:23:00.450', '已发布', 1, 1, 17);
INSERT INTO `ev_article` VALUES (12, 'ghdgh', '<p>hgjfg</p>', '\\uploads\\3a887024be8557bd36ffaa0212543ff9', '2022-06-23 09:23:17.167', '已发布', 1, 2, 17);
INSERT INTO `ev_article` VALUES (13, '会更加', '<p>好地方</p>', '\\uploads\\ef2d6c87a4a9f0f0bee6240d74660ace', '2022-06-23 09:23:49.157', '已发布', 1, 3, 17);
INSERT INTO `ev_article` VALUES (14, '非递归', '<p>大沙发</p>', '\\uploads\\ba154a27f939d746cadb276fcfbda3b8', '2022-06-23 09:24:24.208', '已发布', 1, 1, 17);
INSERT INTO `ev_article` VALUES (15, '规范化', '<p>sada</p>', '\\uploads\\65e0c397441f9e1c16d99d3a2402e8e1', '2022-06-23 09:24:58.808', '已发布', 1, 2, 17);
INSERT INTO `ev_article` VALUES (16, 'sd', '<p>asd</p>', '\\uploads\\d7753be759da761a1e98e95a06100525', '2022-06-23 09:26:39.364', '已发布', 0, 3, 17);
INSERT INTO `ev_article` VALUES (17, 'fdsg', '<p>fsdg</p>', '\\uploads\\1b618f3b8a14a94ccf61a3a576844362', '2022-06-23 09:34:26.733', '已发布', 1, 4, 17);
INSERT INTO `ev_article` VALUES (18, 'sad', '<p>asd</p>', '\\uploads\\aa1a846501ae1b8b3362886868affc80', '2022-06-23 09:49:02.299', '已发布', 1, 1, 17);
INSERT INTO `ev_article` VALUES (19, 'asd', '<p>asd</p>', '\\uploads\\17d4c16edf45c0940dd197cc8b68f328', '2022-06-23 11:23:28.077', '已发布', 1, 3, 17);
INSERT INTO `ev_article` VALUES (20, 'yhl', '<p>杨浩林加油</p>', '\\uploads\\6982f37ef143df2757aa7aa2c0733658', '2022-06-23 16:51:45.078', '已发布', 0, 1, 17);
INSERT INTO `ev_article` VALUES (21, 's', '<p>asd</p>', '\\uploads\\19e43611352abeb43051e71cf1f89bcd', '2022-06-23 16:58:52.666', '已发布', 1, 2, 17);
INSERT INTO `ev_article` VALUES (22, 'dgs', '<p>dsf</p>', '\\uploads\\8724604e73c808db1120f2adf6717313', '2022-06-23 16:59:29.587', '已发布', 1, 3, 17);
INSERT INTO `ev_article` VALUES (23, 'asf', '<p>asd</p>', '\\uploads\\a3434e9f4991e2400bec869714cbfc0c', '2022-06-23 17:02:13.112', '已发布', 0, 3, 17);
INSERT INTO `ev_article` VALUES (24, 'sddg', '<p>fasdf</p>', '\\uploads\\a4d0af8294126ccfd9da2e7f3b8f7c26', '2022-06-23 17:03:30.997', '草稿', 1, 2, 17);
INSERT INTO `ev_article` VALUES (25, 'f\'s\'d\'f', '<p>sfdd</p>', '\\uploads\\e588fcfcb56d70a0b79275e6204e03be', '2022-06-23 17:06:17.074', '已发布', 1, 2, 17);
INSERT INTO `ev_article` VALUES (26, 'ds', '<p>dsf</p>', '\\uploads\\a805072e3a59c341623528e1557534b2', '2022-06-23 17:06:29.879', '草稿', 0, 2, 17);
INSERT INTO `ev_article` VALUES (27, 'gdf', '<p>fd</p>', '\\uploads\\b73bb0a04ee099db3de98ce31c36a080', '2022-06-23 17:06:58.996', '已发布', 1, 2, 17);
INSERT INTO `ev_article` VALUES (28, 'asd', '<p>asd</p>', '\\uploads\\bfb54889bf907e7b2a3ef94ddfba560a', '2022-06-23 17:07:09.381', '已发布', 1, 2, 17);
INSERT INTO `ev_article` VALUES (29, 'asf', '<p>sad</p>', '\\uploads\\3a4e52fc7b6d33c5b4d262fecf7e1f73', '2022-06-23 17:07:16.051', '已发布', 1, 3, 17);
INSERT INTO `ev_article` VALUES (30, 'sad', '<p>das</p>', '\\uploads\\48f6072df5263bb71ac8d1a92673a4ab', '2022-06-23 17:10:57.802', '已发布', 1, 2, 17);
INSERT INTO `ev_article` VALUES (31, 'asf', '<p>dasf</p>', '\\uploads\\84895108cff9d9f01fa703d867f9bbf2', '2022-06-23 19:20:03.611', '已发布', 1, 3, 17);
INSERT INTO `ev_article` VALUES (32, 'asdf', '<p>adfs</p>', '\\uploads\\11248360fca8b98f627f2c01f3c7831c', '2022-06-23 19:22:26.435', '已发布', 1, 8, 17);
INSERT INTO `ev_article` VALUES (33, 'afsd', '<p>adsf</p>', '\\uploads\\40a380912a2e96865820c2c627ea608e', '2022-06-23 19:22:44.158', '已发布', 1, 3, 17);
INSERT INTO `ev_article` VALUES (34, 'bd', '<p>db</p>', '\\uploads\\c7c3f8781bebaec67b486269971331f9', '2022-06-23 19:36:55.694', '已发布', 1, 3, 17);
INSERT INTO `ev_article` VALUES (35, 'asf', '<p>adf</p>', '\\uploads\\b357312d2b4d09971ebcacd8feb38444', '2022-06-23 19:45:58.246', '已发布', 1, 3, 17);
INSERT INTO `ev_article` VALUES (36, 'sad', '<p>das</p>', '\\uploads\\566883e7e78ee4d6fd3ac6a2469937a7', '2022-06-23 19:50:28.320', '已发布', 1, 2, 17);
INSERT INTO `ev_article` VALUES (37, 'fd', '<p>gfh</p>', '\\uploads\\decc3a1ea2db9ef2977d37c73d4788a7', '2022-06-23 19:59:15.630', '已发布', 1, 3, 17);
INSERT INTO `ev_article` VALUES (38, 'fds', '<p>sfg</p>', '\\uploads\\8b36a9077b55bb89310e2ef3449073fb', '2022-06-23 19:59:36.460', '已发布', 1, 3, 17);
INSERT INTO `ev_article` VALUES (39, 'fg', '<p>sfdg</p>', '\\uploads\\4bd7dc11ec5501e506f2d1ca52736be8', '2022-06-23 20:00:32.698', '已发布', 0, 2, 17);
INSERT INTO `ev_article` VALUES (40, 'fg', '<p>hdf</p>', '\\uploads\\e2d53cce2b1cb356cd60af1e76c04565', '2022-06-23 20:09:58.255', '已发布', 0, 2, 17);
INSERT INTO `ev_article` VALUES (41, 'sf', '<p>sfg</p>', '\\uploads\\3d4f8dc7ffbe5d4cdb201761618a70d1', '2022-06-23 20:18:23.722', '已发布', 0, 8, 17);
INSERT INTO `ev_article` VALUES (42, 'adg', '<p>sdf</p>', '\\uploads\\c2f24ab9c679354f35a1af0720d4ef27', '2022-06-23 20:21:04.097', '已发布', 0, 3, 17);
INSERT INTO `ev_article` VALUES (43, '双方的个', '<p>sfdg</p>', '\\uploads\\38d5f55e9481b50cc65117c091a231dc', '2022-06-23 20:21:13.148', '已发布', 0, 9, 17);
INSERT INTO `ev_article` VALUES (44, 'as', '<p>adfs</p>', '\\uploads\\075ebf4b2f38d2f8d9612481b7654930', '2022-06-23 20:23:10.047', '已发布', 0, 8, 17);

-- ----------------------------
-- Table structure for ev_article_cate
-- ----------------------------
DROP TABLE IF EXISTS `ev_article_cate`;
CREATE TABLE `ev_article_cate`  (
  `id` int(0) NOT NULL AUTO_INCREMENT,
  `name` varchar(255) CHARACTER SET utf8mb4 COLLATE utf8mb4_0900_ai_ci NOT NULL,
  `alias` varchar(255) CHARACTER SET utf8mb4 COLLATE utf8mb4_0900_ai_ci NOT NULL,
  `is_delete` tinyint(1) NOT NULL DEFAULT 0 COMMENT '标记数据是否被删除\n0 没有被删除\n1 被删除 ',
  PRIMARY KEY (`id`) USING BTREE,
  UNIQUE INDEX `id_UNIQUE`(`id`) USING BTREE,
  UNIQUE INDEX `name_UNIQUE`(`name`) USING BTREE,
  UNIQUE INDEX `alias_UNIQUE`(`alias`) USING BTREE
) ENGINE = InnoDB AUTO_INCREMENT = 7 CHARACTER SET = utf8mb4 COLLATE = utf8mb4_0900_ai_ci COMMENT = '文章分类数据表' ROW_FORMAT = Dynamic;

-- ----------------------------
-- Records of ev_article_cate
-- ----------------------------
INSERT INTO `ev_article_cate` VALUES (1, '科技', 'kejidsafsd', 1);
INSERT INTO `ev_article_cate` VALUES (2, '历史', 'ls', 0);
INSERT INTO `ev_article_cate` VALUES (3, '新闻', 'xw', 0);
INSERT INTO `ev_article_cate` VALUES (4, '文化', 'wenhua', 1);
INSERT INTO `ev_article_cate` VALUES (5, '政治', 'zz', 1);
INSERT INTO `ev_article_cate` VALUES (6, '测试', 'cs', 1);
INSERT INTO `ev_article_cate` VALUES (7, 'ls', 'asd', 1);
INSERT INTO `ev_article_cate` VALUES (8, 'sada', 'asfsasd', 0);
INSERT INTO `ev_article_cate` VALUES (9, 'sadargw', 'avgfsa', 0);
INSERT INTO `ev_article_cate` VALUES (10, 'etwh', 'erth', 1);
INSERT INTO `ev_article_cate` VALUES (11, 'sad', 'fdgfadg', 0);

-- ----------------------------
-- Table structure for ev_users
-- ----------------------------
DROP TABLE IF EXISTS `ev_users`;
CREATE TABLE `ev_users`  (
  `id` int(0) NOT NULL AUTO_INCREMENT,
  `username` varchar(255) CHARACTER SET utf8mb4 COLLATE utf8mb4_0900_ai_ci NOT NULL,
  `password` varchar(255) CHARACTER SET utf8mb4 COLLATE utf8mb4_0900_ai_ci NOT NULL,
  `nickname` varchar(255) CHARACTER SET utf8mb4 COLLATE utf8mb4_0900_ai_ci NULL DEFAULT NULL,
  `email` varchar(255) CHARACTER SET utf8mb4 COLLATE utf8mb4_0900_ai_ci NULL DEFAULT NULL,
  `user_pic` text CHARACTER SET utf8mb4 COLLATE utf8mb4_0900_ai_ci NULL,
  PRIMARY KEY (`id`) USING BTREE,
  UNIQUE INDEX `id_UNIQUE`(`id`) USING BTREE,
  UNIQUE INDEX `username_UNIQUE`(`username`) USING BTREE
) ENGINE = InnoDB AUTO_INCREMENT = 21 CHARACTER SET = utf8mb4 COLLATE = utf8mb4_0900_ai_ci COMMENT = '用户信息表' ROW_FORMAT = Dynamic;

-- ----------------------------
-- Records of ev_users
-- ----------------------------
INSERT INTO `ev_users` VALUES (1, 'admin', '000000', NULL, NULL, NULL);
INSERT INTO `ev_users` VALUES (2, 'admin1', '$2a$10$.5fPgwN3ofNEdfebOjxHg.CNjgmVxkTkjLelJKh1PHdLZGEeJgvQK', 'abc', 'abc@qq.com', 'data:image/png;base64,VE9PTUFOWVNFQ1JFVFM=');
INSERT INTO `ev_users` VALUES (14, 'admin2', '$2a$10$8jHwDMKjGxNFIoTfXbT64.OA6ZnYwR46rWObkOACC55BQgYshovA2', NULL, NULL, NULL);
INSERT INTO `ev_users` VALUES (15, 'admin3', '$2a$10$mgJKM0qXB1rJiCB/rt94ou83wENo/kkRNxjXOC4XZATI3medodC7S', NULL, NULL, NULL);
INSERT INTO `ev_users` VALUES (16, 'yhl', '$2a$10$SNgS7b4f0QisgKOd0x8jleZcYdTHKkEuYlkB/N8h7bo4OcPuMAbPm', NULL, NULL, NULL);
INSERT INTO `ev_users` VALUES (17, 'a1', '$2a$10$jCZo3o69YwvvPBo3SJBbY.HoF4AFKAKHk28WHKDb48vWwJS1TO4yq', '小林', '70702551@qq.com', 'data:image/png;base64,iVBORw0KGgoAAAANSUhEUgAAAGQAAABkCAYAAABw4pVUAAAAAXNSR0IArs4c6QAAIABJREFUeF60vAeYZVWV/v074eYcKufqquqcI6GBJkcFEXVAZBSdcUz/UXHMI2NkDCPqjIOOY2BQRxQBRTJNAw1003Turg5VHSqHW7furZvDCd+z960mmP/f833nebqr+1bVvefstfda73rXu5ZinTxil605LMWPZjtRFBXFhtTwKGalirjqlvSg2za2Dc88vZ0LLr+Y0dFRmtpa2fXA49imQkc8RNmo4nIoNKxdwZ3/+g0uXLiCsseD26VTqRhMGUmuuf6tMD3NqdPjJA7uZ8PHPoA9mkBBoSI++Pcu8YryB6/WXpDf0zWcbd38+MtfY3wqQVO0DkMxqVRNgh4Psbqw/EFFUTAtG1WFo8dOyf8HfF68To3GYIBycZYNb/0bYh1t85/4pz71T9zM/0cvK7kDu21PcwDTUjAzCtr8G2u2TeLEEP66CN5YFMXhQFjksYcfY8XKldS3t3LqxEnc41OotoamKmQrZRKZHItXd/Pgz36HqihcHPNR6FmKZ1mYbK5AX9NiFMPmzk9/jjdfeBZqJUDze64lc+w4nmAEW1j9r7xsBUqlKt+768cEgmFM26ZiWoQ8ThqbYmAqlCoG2bkcoUiQQqGIZdn4/F6KxRKZdA7TsuQfFfCGfFy00I+xuI+exZuFFf/KO/lrfky81597P0u+iVI4fdjWTAdYCuIBxc4RG3Vm8BR1XW3YDgcOv/81n2hh24r8Ocu2+e5Xvs77P30bk9t2oqsa2Xya6PoFVI7OYBoWW7c+woab3kpXQzP/8oF/pKO9g3d+7hNYpTLTz+9H9yi4XD5CZ3dSzTjnP6d2c3/uEp9/3w++yWQxRNm0EL/hczpwajrFqknfwi4mp5JyUyiqSiqRIBaLojucGLaNZZrS+JlMnlw+Q09vL41tUera69j20FO87/abMJVFKJiof3Yh/9Kdnvm+MPlfvpTywICNakuDiK8qGpmZGcqpDOH6GJ7Wlte9i3iI40eO0rdksbxNsZ+//JnP8+kvfJZd9z3Euqs3YTUuRNM0qgPHmTh4gJYtS7BSDhRNY++253n0t7/lU3f9O8kD/cQIMJkewYq6aexaiGkrqAhX+epuOuO25m8RW9E4/cJveHpfAlt3ki4WaQmEsENhjPQseRuCPm/tvi0Lpyo2m4JtmBi2Kt2WeI6DR/pZsXwpsXgIS1URXqGaSbKgwcviqy+EgIOD9+9g2bVvQVedoPzljfLHl/yvM4Y8IZWTJ6SPKKfSaIoqd5vu0DFLJTxBH454fH7hFfY/9QLVuQymouG3bGatKpHOFuIunVAohHftWgqHn8W7ZDO2qmBOT6NXi1SLZfkeWjBQO5Y2nHh0K3PZAu2Km+ibVoNuYVRjlEsl3HVxFMuCchkrl0dD7BkbS3dQcXvY+/AvqJSDTIyOMZzPEPUH8Xr9JFNJFIe3Fh+8TmyjSjVfJBSPEggEyJXLqJZFoVRmZiaF06VjmCKuqDha++iujLD71BSxsIvr33Ut6pFjzOSq9F6zCcvRhqq5/oLbqRlafP4fXn+dUZTi4AlbrtD0FK7lcY49e5C2s/owBop4/D7UoBPdZYAVY8f9j8nD1GhYDCWnMfxulPoI9Y3NRFNzGLEQ0fVr8QZDYmtip1JQrWCXSqiqju3Uawax4OE7vkVId7Dq2qvwdFqoLRtB0cj2H5cPFextly5RKVUglwOHhuLxgcvBQ1//NrlSlZFMljqXh4qmkqqUiTS1EGluZfZoPx1NLUyNDaN53MQjMQZPDGDpTlob6hken8CjOylWDXk/wlV7A24uuH4TOx46TDIxKTfdtUvq8Ws24TdeinryBI7VW1Bs/U8s+F9yR3+lQdI799q5qWniSxegWRWUsIadnyGfdOLyenH3doLmhOQAlhllxz0P4PC4qSQTZN1OLvvQ+5i6+15yDgtdd9CwsQtPz4aat0jNUM1M4XL5scWRF8ZQNOnnRl7aSbJaZdH5G3AHGrGrZenrrXIFNeifD6jzD2HZoIqYBQ9+/gvYlspkpojP76ZsqaSyc3T2LCSVzxJvbCRkWQz29+OJRfGYNuG6CIrmZHp0WMZD1VYZm5mRsSEc9JPJFQjX+ZmemMXbvRqH20vx9A7aQkHWt3ipW72Q//rfnbzr5vW4uy/4Syv/J77/l4J67deU2Re228cP7ePAM3u5/j03Eextxs4lKWQ0nE4Xro46VI8fstNU5xy88MxzdPgCaChEu1vIuz2c3L6bjTdfwdhTL5PJzmGn0qitDbQuq+fYsVlWLFyEI+ivGeM1ly3Ars8j3UAhk0VXFHSPBzUY/KMP9ZPbPobfF6BqaUykZnGHo0TcTmaLZcKBIIbXR9DlYe7kAIQjeKNhnOUKVqUAHh96uYypqNiqTW4uh8vtpWoaJOaSRH0BMoUifp+fkqZz3vk9nNh+kPaVTSzrWYDa3cC933mS6z74XhyY/7+dEmXo2e12pD4md2Tm+Cksj0Eg6EGxAlgqRFathtw0Nl4Je4V7e+lXj9DWFMG/rAdXJIyZLeIO+UlMTuM1FcrJJPnRSZ79r7vo+5u/Z8WF3Xj8bdIFCZeHWXMVIuAamsAxGuW5zCtG8DU3ob3WKDb8y023sLy3T8a4RKlEyOfD53ZjCGSXK8jTpTp0WuJRJqaSuHoWACrxfJqpmVmqTo2YpqN73LR3tHHkYD/ReIxEIkG5VETVRA6mkEhnMW2IhF1cfekyxvYPUR/y0njDZqxpjdPPvkjfDTdJl/z6zWWh2AqWIoDRn3JPf9ltKbkjR+z06RTxHjdMG8wmkzRu7sRyt6G5VIlOyJblh+H3gSp2ee1myvkcSjqNlclhiyAsl0Bh7MARYj43hgnpiEXrwtU4I3Gyp4dx6CpOh4Ylvglyh1roWPO/L9/DoeFf0PPK85qGyW+/9BXp83OGhaXqBHx+ieSSmbxEUYZl4vd7KVQtIr096GKhVQdezaaKQt+CDk4cOcaipQtJjE0SiLnJ58qMTc1hZLLylKqaDZrA/iojiRSt9XFUswpWlYsXNhC7/kbu/vp/ctNt70NTavHwzJV96lECmpM0NuELLvoLbk0Y5oxBzxhJ/N9CKe3YYZcVB6g5LF8ITRWLbuNwu9AdDvSGMNXxWTSxAz0ecKhUkzMYxbI8MYolMvgaUjFQmNx7mEBXK+XULE0bVlDNFsnuOYh35VLU4jQlU8XhjMmfFzD2DCIxLdBsC1MFX0MDejhceyizwv9+6nZszUXGMPCEIiimcBmaZAa8Xi+ZTAa3z4sudmjAj5rNYXvdqIZB1jDJTE2xdtky6prjKLqCWS1zeM8Rlm1cSjGbY/TIMMvPW87+bUdwuGoLNZBIs6AhCrbF4jUL6SzO4LnmHVDK8fwzL3DOZZf8CUT1+6fg/w4qK1MvHbZd1hyh9UuxsoNkJz0otlpLBs0KWrWKbRhYpiUXz3a55MKhODCrRWkQcQmjzB4elCcpY2TxRuv43f2/JhiOcP273kF+aITQojpyhgOt7JILo6gmplGDiK5gCFdDHFvVXuefLavCQ1+5k5FUFsMGXdelEcRJLFTL6ErNVZmmycjICD1d3Zg1roTIksUwMYlmKwT8bpmo+sJeBvcPsPGC5ezac4K167uxLIPsSIGp7DQUDRkf8xUTh2ahag4WblxEszlHcMtbMGYTPP3oNi6+8YZaOvA6mPunXNJfMsqrJ0bJ7z9oW9ksnk2ryA6cQhOBA9D9LiiWsYVLqRqkFY3WFcslQrLSM1QSM0ifJG5KVVBNm+SJIZRSlZJRIrSyC6/i48WHn2Dp+Utx1/txaS4KZQ2n4UKQFTLbn3dVnu5utHIR1R98NSe04a7bPoXmcJIrVfCFI5QKeQIisJsmllHF1jSiwQCVSoVipYwmshZFuB8RonTi8SBG2cDl0ClXSlRKFXKFNB1tHWSLeeyCwZINPRx64RANHY3YRZt4s5+D+4fw+TQWreulMFdi9Zb14GvCFic7PY3ij6LqNeRoiyCP4y+4qT9lFEt6GmFY27ZQ8v2HbM/iNtKD46hVFVW8KE4CJla1wgt7dhMV8O+qK1GcPrkrKmOj2JmM3JXSTSg1LG9iUTw0RMkoE17Zy/ThI7gVjcCiRlwxL5U58fvCiDb2fBC1xckLeDFzeUKLFpE5egzcDoKd3RiVKj+94xuk0llmZtN0dHWRzxbw+NwUi0VioSCFiomOycT0FHX19dK1CvAgHrJi2pjlCq2NDRQKJRTFxqhW0FA5PnKaW97+NnY9t4ula3sZHR2mt6sDXAon940QawniDfpknOp/6TDX3XYrpbFh3A3t2KU5UnmdaFvHXzDCa78tPMlreDrbROJ46ZbFX8J/myilZL/tCrZSHBzH3d5IYWRCLrDIB3Ye2Mf6pUtJjM9IDqhjw0osXceaSmCWSyAcvwiGqvgFAWJtphJJTMXAp7sxxxL4e+rxt4fIzTpfRxyeYWtwOrDKZXS3q3ZaqhbB3m5MTeGXn/0X8qqf9FwKny9MqVyW+Yjf65EG0Z0OXE4dp66TLZSkGysrYk1tBk6M0NfTTXYuSzwclBm5ITaQKjJpVb5/UNXR3DoTE1NsuXItLoeLuUyO0aO1oN+6oJnTx4bJTs/y5tvehZ2ehGAbpVSZJ594kmv+9pb/FwaxsKsi2gr7CIA0bxQRi6VN+vfatseP1tmCbdkYJ8d5/PntmFaVeCyKaivEXSGcbgeFbEm6gtbONlSRiVsKidkUlWKJltYmeXOnT4zg9nuxpiaputx4fS5CLa2g1VzUay9vUwN6IMTc6dMolYr8VrCnE3QXlKt88+OfwUaTdu/p6mRkYlrGEOGemhpipLIZgl4PY1Mz+P1BJlOz+FxO3AqMpcssaI5hmgaqoklXMzkxSUtDoyQcPZEQlUyamdkEq89eSFCLkJxOkplLEfaHqRSqVMwclohp1RIuJc/Vt74VIm1Ybh/P/PK3bHnLDf8XBhGb1wZTnAzhpgQhZKCIEHGG4RbeIvHcdjvaFJOpwcnRYY4Pn2bLimWSiBMuSw+FqVYhMZnGMAyZR3RtWEElnamdiIkE1VJZ3lhdY4yJ0Snc4QCVdA5vNEQlm5WAoLG3UzI0r72CnW3YIjlLzlCcmZGIJrhwsYwBxQcf5Ke7+imXS0TCETL50jx4MKWrFChLd4DT6ZS7X9edNHX2MrBvB1OZIg6HTnMsIoH4ayG1pinoqoruc6GbNl6PSyJdVRMVmVoGUS0UKZfLKI7aBmp05TgyNMOtH7sZJdwNDgcv/HYrZ1933Z9n1F/3tIJ+Ms/49lrcea0xBOjNV1Bmtj1j2yUDM5XBrAvij0WwBbKyythVk3KhFrg1XWcmV8IfC9J2zkbMbI5yroC3sZHyTAKlWGTi1Kh8EE9dRO7kudPj4hzh9DoRuUS8vk7SLgJvOwIhPC3Nf3yHmVW+8v6P0N3SxmgyQ0drC7OZvHxvgYga66OMjU3R3FzP6GSC+oYmcukkhbKJrlmMpHMs7Wgj2tzO+OCARE0V05DGc2gKwihlDOximY6OVulCxDWTmuX40QOsXLgU3E6S6TyRgI/Na9sZS7lZc14barhDIsHnHnyKzW+5Thrxz1+1YG5TQRGYXthkPl2QJ6NqIuCjrAMJt58+dNA2RqexiiUcrfXMzmaolA10h4pb0yTmF7cr3FPRMAT/x6KrLpv/EPHFkjdlTCcY2PmygFySARa+XhhEfFBzbwfjA0M0djYTXtgntvUffQY7m60tzs6H+erD+4n5vcxkCkTCcWzTlIuKVZGkp1jkbKZCtLWek6cGWbNxC+PH93FiLIXXo9LZ3EB911JO73uZ0cQ4vR0dMvcRNRu308VsuUjIpcmMX9yjAAbiZJbzFQmPcdvSI+RyBf72n97H+NFp8pnTtK3ow+UK8PzWFzn76ivnGeA/Z5J5dHUmiEsW24ByrR5zpg5VC/BWzSBWxcCqlJE+wDKYnp7Bo7vxh/0kZ2qUhpLO0HvZBRDyozjm4Z5tkj02iMOpkctkOb57NyvPWUHe1EmfSr7iKtqWdjNx/DRNne34FvX9UR7IymRQBVCwFP7t9i/R09HCwHgG2zZxuDzSIE6Pk0jQS3I2TX1DlP2HBlnQ08EjT+zgTVdu4YU9ezl37Sp2HT1NT0s9bYtWMLR/Nw5dxxevl+iod8kKtj30a0Id7bz45ONcfsnFxMMhUsUKS9tczBXc5PI5kuksug6rNq+ks6sTNd7Bz+/6L268fjN2qIWp4TE0rUz9wrP+jDXOQF2rFjdKJrZwhYY4JbWC4CtIa/5dlMSOHbaZLUio6G2uxxQIwDTQ3D4UTWVscFiAVDo3rsFTF2fkp/fSfNNbaknRbJrUM89QdShk4n76FtejeOPSr6ZPjBHsbOTQI3vpWS8YVDe634fiqrms2cNPEF16Wa0uPjcLYlMokNu5lW/e9ywbFi3g8GhKIrig309VBDIsQuEA2WyGUsHBBRev4sjh04zNJHDYVRrq66VLczcuRFEszHyWA3t2smLZclyaLimbSiZDBZuJYoGekJdQNIY33kZq6BA+fwxdn+bg8QT10Sj++ghDA0Pc+ImPYutufvClO7j1lsswI93olCEzjtK0UsapP7xezTtssfMzIqczUQT1IxboDOT9vV9Upp58xq5aVRmsG85aJwtVpXyO//ncdzjvby9l1ZXX1QKReA9g9Be/IheK4zZNuq/YQnV4N6VEAbdXww76cHp0iLZjlWdRnVEmdz9LKB7C3bgexeuRBjj8k7tYdnE3BDZhl0uvZLy2WMSBPdx5zxOgeTAsi7p4jFw2RzDoJxjwUSgUyOYqTE+O4fNHGBwfY92SBZQrRo3LKhl0L1/D7OgwA8cHMdUq6xctJl8u0lrXwFPbnuHyS8/j0d0vc9m6cxg4MUR7o5edL+3m/AuvYGL8KEG/j4FTwzTX1bH43HPpOessDj29jb27XubmW67AcoTQnD4y/TsIbrwE/kxSKI1RKEPFkkBJnAxLIj+xpf/QkEp5Omkn9+5HD3iIn7WBBz/1VbZc+waGt79M39tW4GxeNY+Za6b80cc/wTs+8S4Uu4aslFAzc8/sxRF0cPjoPta/8WIsl4GRSDIzPEJTe72sP9Bymfx8YdTE/Q/hjtkEF3hQ9KXYSu3GhM/+r69+laWdbbx0KiVfk1m4YeJ0qOi6hqapPPybp7nq2supGlWGJ1I4rCz1kRj5coW8YdHa0iQTwYnhMXoWtKPpCp0tLezas5tNa5aDqfH9n/yYD3zwg8yOC2Q5xtqlK8mlp3C5VXKVAuefs4L7freXG//xPRAIcd/3vs3Cnl66FzTiES470oLx9JM4rnwrCAJSXPrrywvytUoJSga24H0sm2q5QmUelbq9HjTN8br8TDErVTt5YDexvkUous5Db/8kzWevo1qcIxsOcsn7b5EHpDw+yemHXsYkycI3bWJmMAGJCoamCoKJ7/32Xj78xmvA6yPcWeO4LMVADSzBsqoowQ7Jou6+7XY8i3pobmySGD++ZpGkPxTbwho6wJe+9UvcoQBefwSnw4nT5aRqGNiWQTjok1l7LmOw+fxVFNH435/fx+L2Blwur6ylHBw4xYYVS3C4AxSys0TDbny6C80wELx6R2cv/Uf2c3pkCKfPS1drM1lDZcX69Zw6+CK6KpyBTVnxcPLUGO/60qeopnM4Izlmjk4Q8ug8/shTXPaWt2Pu38EJT4iFvWtrbLeioPk96F7hloVPN7FzJRRxOl7JNaBqVHA4XJLErV1iQxryoCm2VbHtagl7JiuDuhoMcPS/f01yLsmGt6+jWHYR6F2NUipx6vHtnE7PceTocd5y9gYciANpM2xB1OVBt0wmU2me++H3iWXGuPKL3ya4sRMt108p68S9YDOnfv4bioUcza3NhFfazBwwiK1fJ9GZPTvA6f2DPH88wcDwKF2tDQjQ1VgXkW4rmy8xeipJKBYlXqcxOz5Gz9rVPPnk86zs6WJkfIxIaxsBTadSqjJ04jgXXLqZRx59iGgkTDTSx93//W+sX7WBTRtXsHHzxUxMTtHe283o8eMcGhxkQXOU4aksDk3lkovW4I74UVQngWVNDO86QTziJZnJ4As1E0icxLPxakrTs6+w3kInJpZZABBJGRo1Rvy11xlCUvB54vSKsjQizRCFgsKxfbZtOSQkVN1eHMEgJ3/3FF63i/qNbRx6dpCVb34DtkNn272/ITAzLYNsU3srVr5EWXWS84Tx2hXcwiEFvNz/na+z+uKLWHVhs8yQc+M6/uYcRWuZZGf33P8wq9YsIGv6qBp5mpcto/+BexgtqezYdZhIUxepVJL25iYqlbKE3vF4jBNHj6N5G4k3hKA4S6y1ocbOahYHT4yj2SJZdEq3IzgsqlmGBga56r0fIRr08/ivniUW8zF2aJp900e5sDfE+quuIDV0kgUbz2Nw33aqpobtDbKizo2nLY5StcGpMlssoNgu2joiGIrBi7uGaDLTLHnTrZQnZ7HtWi4jecB5Btjp9aCYrzkd898XbLRYb8XtlAyG/HkBNUwDxbYrdvXAAJYDMvsHwOul4nYSieh4usNMnRxk69OHefM7b0bLWUwcPIReUbE9XoZHh1nS1UJgUScTY3M8c/99TFRyvPOtt6A4VOk787Npgk1xTh7czeBsjuve8VYm9hzAV7E5PXmclX/3Puxikaljh5g9eIgXB6aYnEpQX9dMtVKmUsqyoLuDxMwciZkSLd31dNT5ae/oYt+OXdSHQ7QuXsKhg3vp7Orh+V17UUwFs5ijffECnNk5WtdvJtoQINoc49d3/Y6IL8AD9z3J+95/uUSXnmCY8ZFTxOoaSZYqRKnSe3YrlhJmeCZJZvdLvPDSAJfe8Aby2SSJfJrZQpU1i5bSt7yB1JQXn88njeFwOCS1I0hJ8ee1l4jjJ7Ztp/vspVTx4GyKvxrYzQrY4oQcOWSLNyqls5STAnpa2C4VdzZLeHUfZcOgNFWgmsrw8989yqKmdhrrm2iI+xkZG6Ctu4u6LecyNniS9sXL+Z9PfYLrL70CU/dSFMTi0zvxXBgG92phfampGt+3D3fewO1x4V5S5cgjx1h07mo+/y/fJ9jYwejwafp6FxEIOKkLehmfSvHQ1hd429VXsP2l3Vx01nLq2ttoqm/gvnt/xfXXXo3p8uD2BOg/foTRo6fRlCqbLrsMzeUEoVh0eUlNzhKK+ihli1IvkJw6TUdHB7lcFpfHy66DB1jc0U6kPcL2R1/kTReew32Dszz0o69x89veTn1LnLmZadyOIBPlCcpjU5xz2Xngr6c+3CZ5P7fb/QfqS0HKiOCUHhomrJgYegll8RoZYzRV0PbzaMvMoRQPH5IOTtDh6aOnhfoSrSWGfypFVfNiuNwUp6dlQG674ZJaHFLg9Et7mdyzh0VL+9jx2DM4utoJ1tURq5RIT6dZuXkNuVQed8jL3NFTRDfUo/t7a8BjLkP28ACxN17OCz/4JiNqI9HkEP/7+A4WLVqC1xOgqSEo6wOFXJHnnznAgkXtuH1BNl60jPTxYepb2wlEIjWliu7EpShUFYUjxw4xeXiUZStbiPeukFmxVS2iOfyoDgeZ2QRFyyDudkoliuC5xHLYqkVF1FrqwjQ26Xz/K88x3WCz5ex1fPGOz/EPV13L0MkhVp+/kQuuv45f/NcdxC0X51x7C06noIzqUBSBmjR5Sub9l2QszkhS7VMjKLOj2D4f5ob16KJS+3vXKwbRXU5GB6fxZeeYnJykvbuLkbEUgXCAgWPHaWhuJhIKY1dt2t56IZMPPk588wLIVkkfOkH86qtkMJvbsR8lncAMxVCSCYrlMo0XbUb1eCUstPM59j/4CC2+APmgQecFbyBz4Cn+486f44o2Mpeao6urQ1I3VrlKOlFktjpH1XbjUFVavUHaehtQ1Cq9S5aRLZRxB2pSV1vTZSAfP3CCpWvqiC/YhJXPScGd5OdQmJuYxhnyEahvlISiMIhgA0QCKkhLR8SJPW1ybHSMNRtWo8TdfPSWv+Pqyy5lLpnmnZ96N6q3kV//8A4ev/dJ7vzRz1HEoqunMY1uSVQKZqG25wXIr1UDLYeCOjCENXMK9dI3/ElSUikMHLF13SVLlePP7URzOhk+Ns6iVQuYTJjUr+sif2QYxaERCTqw/Sre5hCFgxP4L1oqqQArW+Huf/sxTp+Pq9eupSwRhoOJxDh9F10gM37d7Ub115SLlm0y8/C9HCg6cadOMTacZOeRMerrG3F7/TTFw6Tm8pQyJba8YRP3/PQR6mINNLSEKIwkOdi/jw994Z8xJidkjSPU2EJZVRjcf4RiJkl2MsGaTa0EOzahlqtYpYJIcuSJEztWnBRbE5JSfd69iIpfjdkNNysUkjb3f/fXvP+Hn+a//+lLlNAIh0L0Luthyfln8+Tjz/DGK5dz4kiWpoY6NE8YyyjidFUxCeJ01YK5ZJoVSwZwcUqs06eZK+aIbNz0pw1ipIZszSl47CaMyWlplLa3Xcme7/0GT18Li89fw8sPPsryYJhTp07Rc85ySrk8aqqCZ2UzD3z9W1z79nejxgLQ2sv0gw/jbQxieS2C9TpFo10ugDRIKCTbBOZ+9322nqrwtnffSn7Xb7jzR1txRxvQHG7q4yHS6SLpVIFr33IuDz28k0KuQGNHE9NjU7jKZaaTSVrdCte+9z2cOnKYzmWrKAuCsGCy49mteAI6tlph3eY3olgGon5glwtyUc7UZIRBFO2McqTGaAuT1IcNrAY/nlgjll7hs9d+lL/523fir7Np7e1AcxjYjh6mTg8RbWlnz7O/4OxL3i7lsnZ5lorlIBCrQ1ZChVGEpkhWA4UgQIOTJ2HV8j9wVWdeUCon++280Lk6XXhWCl5GlxnlQz/+IbGySuOipbKEqyWm8LSHsZxe6WsZnSPnVCgMjRJqriPa14HS3cfgY49TF3WiCurDk8TlWyrOMB5XgNM77mNkcIrlb3gbkc4msgeewWtZ/Mt3hx1IAAAgAElEQVSdvyQSayYcDFAoVTj7nBU8vfUAutvB1PQMLZ2t+AMBDm1/gUAoQGI2SWNzPUu621nStwi3ZfPzBx/HF3EQ1b0sX99ExWoj2tqMYhuogrIQTLVwHcK7iK/ClQhXI6+a8E381+uyiK7vkyKOB/7jHvITad72kcs5sG2Y1ed3M3D4KB0LL8IyFVxRP7t+cz8b33gtdrEiyjlMjx6noWtRTRRYFhl8zXkJcZ7INwR99OcuxUydtpW5DEpznJ/e+SO6fXHOeu+7QBxnILm7X+YOQhkuqoikkji6W6kMDGE6VNRCRaKLE+k5Vt3yFuxKleM/uQdPfQPta1Zh6iYHH/8ltuEildfovOQ8ehcvkYHWev5X3PGDZwg1teHQ3axY28dDD2/DoXulsqRaMWhqjqEGgiRGxskkEnQ2NLPv9BEa6urRsCgYFdZ2LqauOcjU1JSktRf0hgi1bqxVKW1LyoGkP5/PlqWg4DVKdkFEimAsklwFnZb1zShOD3d/4S5u+eAbGNw3RqRNI9x9Pt//zIe55X0fQVO8iDxj/9O/ZdWWa15BVlK4UTmO7epDFfUNUZqdbywS+mQpfdIFM1Ezi8xBRC4ivJrqQPnaNTfYf/eBD6A3eHAuXoPm1EhNT7DtZ79gbHqKomVz48LVVM9ahcut0yi4Y7dG8nhaBvhsapZgIY/h0bF6GmhZuVFWKTUqlI6+zMGXBkgXLAYGj/G+b3yZB394Dz6XUIU4cFiQnssyOpqkYCkSfs7OztDU2Ei1qtDUFkNz+jm0/wAuXWXpxedz6Imncbh1Ag6HlAEdOznMZ//hVk6Nj1CcnUPz+ehp0wm3nit1W0Ltrlrz0k9Rk5i/RP4hjKIqosYuCnCKjEfCzbRv7gLVxVP3PMqFVy1h669e5oKbr5Vx8Qsf+Cdu+9znpQFFEa5/x2MsP+fKVxdXoD1x4owTqI6+12Tpwl3OG0FVaknha0rakr8VG2jXHd+yFyxeSPANl73SPfXaI2VhMP6TX1OpD5OcStDW0Y1hVnElEhCvIz86xEsvPM+mTefQfutN2KbKkV/fTa6qkZ4Vgc3g0vfeLGWpMrhhMfX0bzmUdXNs+8si0ZaQu2xb5FMzeD0eKoaC169RyFcki+tya7R2dzI5cJKpZIK2xiZmktP0rTuP5PhJ3njheezd/TyG4mDV4ia27xzkimveXMuaLVPqyGoZdM0wNclNbYsqqlF7TRUMrE7T4gbUsMJI/wilqVN4AsJNDbH+8j4CLo3/+faD3PDO99bKyDY89tv7ufbGG2suSmx/cak2+blJfIGazuB12q15NylcmOoR7Q2vuUSM2/X1f7eDwSDjTW4uuPpM0f4MXKtxVQcefJxovoijUEKPxDArOQYOH2bJeRtxFlI4zAqjazbgSk5z+Nl90r8KOdGR2Sk+fMeXXpFNmobBicce4N6th3FYKl5fiKnEJJ5IjNTEGF6PA9XpIRiKkJlN0tDWwQvPPsX6TRuZmpzCL11QbSc1tjeTKVbZvGwlY8P9uLw6rfEWCqVJwuFlEmabitDbCj2xMMQf9m1Io2iGFOyJ3CHSFEV1azjDcHTnSRYtDrP16UFiUYVlKxfK0/T9O/6Xv3nXe2R9Rhhyx+F9XLDpHJwON6rukJ8jL8FfBfIw55HJ8KvX/NqKJiJhFLVGnZy5lIFvfMN2RyM03fwOVMG6vs5kwu8KkUCVo798FIdhUB8UdYoUPlvDcf4W/vX9HyMQCOJSVIJtrbJG4WyNcdmbr32dIFnU9//z898gn81LcbVRVVi8tJMjJ8fJJ6clmae6IkRjQlCnULUtdu54gZ7ePqlsL8/NMj6bZeHSHrJzBepbO9G9OtHKNC6nhqqE6WhpIZc9Sax5Ofl0CadXCMTne/eECFrwR0pNbnNmEVQ7T2Z0muiCLqKdIVQvPPV4P6pelXLZiD/KWVecg2U6mR3ZyVc++W2++I1vSYGCaVs89sjvOHvTWbJeL9Cq2+OT7k9TXbIgdfLgHrpXrnvdqkrOStOl0E8TxCJnjGKhzPz4P2yRICVjjfRccR2WZVJIp/j1PT9ndiZBNOCnPupn1doVTE9N8ejj2zhw4KhcVBEHvG43pUKZd3/sg2y+5ILX9OOJ4ofCRGKMOz7+Bc5asZoZkVtUbFSnRT5fwRbtZZVibXGcQWJ1cQrJGQLhKPuO7MGtO+nsaEMV8lWhK64a5CsqQWcJxROmnjlsq4TDGWdhWyvTmVOEoz1SEiSKbIVsgVBDM5qAn1KPJfx4zSCyoUjkJHoZ3XLS0BeTHNRzLx4lHHHQVu8hEImzd/cw69a088ITO+hb281XP/89vvXd78v3OrD/ZU4cPsiV172V1MQkxXxB9i6KOkdTZ7cUptu+FEpOdBfUxNQiZRCtfcKAMmZoIhcSsa2GxpSf3fENO1/IzxNhIls15O4MBTwkkrNMzszh1TUCYb9kXx1C0q+LpEr8Eda10Bwmixf3Isryx48NYRkWtq7x9I7DLF/ci6E4GR5LsKw3iGHoHB3LYWVmhbCDQrFKfXM3Do+f6VMncPnDvHzoBZpidSxZvxpDJHaagkMgBU9AGqeamqRBFwoTIf8J0tvciO4LMDa2n46+DViCoQVyM0my6SytvX3zD10zTC1REwYB3alQ1xXkofueo7Wji9l8FkV3cOk5LWzffpxDe4/z3s98jCfv/gmrt2zgm5//Nl/85rcR7nfrA/fT2A5L11xHNVdk4uSJmppT13GKzq2WZo4cGySsWLQuWUGlWMuFhDGkwG2+HiK83JkinfKl93/IvvyNV+KyTFwuDw6vj4cfeIyNixcTPWsVHQu6/6A7eOTkCdo6O2UbwrGD/TJwDhw9itOh8OiTe9i4cSPjiXGmkyb1MQcdTWFcms2+kwWE8PP55x7gsrMvkFqr9r6VlIsl5sbH0T0+jo8cIjub5qpb3sHkyDCaUZU7b8GSJdJFDO7ZxZK2RvYePcEbLrsYNZcnEo2iexx4AyZlO15ro7NtjEKecqFCYirDzPQQmy7agqUKiDuvR9Yc6I4SuZJG//FB6qMRcrbFlrObuPeBF2iOdzE8Mcbb//7d/NeXv8o1N13Fvf9+Dx/62lf46Te+Q2M0yEXXXSOk4rKnv5BOMyc0zwJFzSehoosg0huiNGbKGONyuWot5q+N5dIgAnhoKIMvvWQX5+Zw6g4e+91Wtqxby+LrL0cTp0hk8K9As98XC6uUclmcisaT99zNhV0ehvPwjfv3EgoFWbO4RcBueWPTOYvRqQqnh49Qyk2zsG2RzGRb+1aRnp1g/OQJOjra8Lh1LKHGUGsqPyG4ED2C7kgdp/oPyFMjRG6BeJRqqURvPExUGMPpoLkjyKH9I8TrG2pDAqoVKUwTfSjVkjBKDttf4NjBAa698koqPg2hg3M1tLLrwAHKowniTXUcOnaEziWLyU2O8MZbb6VaqqIpBsZMFq1URItGePT++xHSgc1XrcDhX1HLb+aLUIIrK8wmXw3Sikrd0kbGDo7T1NKK5tAF3JynuYThTBRdRZRTZLv5oe177Gceuh+nM8A7//kjr3L4IuUXTNnvXzLLsWqLte2HpIplvvvkDMGAn+amkPx9YUMhap4tOzAMP1PTQ/Qf20E+X2Ddkg2UhDjM5aA9HkUV/eK6ju73YxslfB4viseJpYnGXIt8YhajWutDz6oqjQsWkB08TtShsWrxYlmQ6loc5tDuIYLRuOSnpFLRqJ0SkZ2bho0ozJ1WqizoXczAwDEWtnfidHo4cPwwRnKWkVPD9K5eha6YVKsmo4kJOru7OE8NwopFpMdOEkpVMFcvxjZHcAR6JSMi9GqvVAQFnBYTKwYGXwd148sWYlczqDn9ldMhvb2UTM7nRlKxbqP89HNftpuWLWbt+efhDfvQRa23ajJz8iRTwyfRVJ3ec89Fc7mkNLU61M/47u3sS+lsjKvsTggSospEokIs5qRs2kwmbWbGxjk2chTFUaUt1sP+gy9z3lmb6elpJ1u08bg0yqrN3GiC6USSdqEX9nrkqAuJmpwO8qlZJicThOKNjI6O03fu2cwdOyqpkg2rFrNvz0k2nbWEw/0HWbF81WsKQqpsIhWGkaxxyaS/MMKKtVs4dHAPK3oWyTa4kdlpXIpGcSJJfWMd0/k54tE61l94Lhw4hh2Lkk+NcvCuX7LpxjfBhjWUZmfxNNbx2I9+yKVv/1t5CmXDksjIzRqFnxmblLFEBmlNp1Ct0rm2F3NGtM6J3hi7Vj8XCMshqJT5eohtoBx9/CnbtKuyXWyuWCEgcgHRFDOvaBfF+Fh3F5HOTh78z+8zm8pIPmnnjt2sWL5c9nw310cYnZwlk6tSKld44sVH6Whqo7utj2w+RdAfYS45zZbzN1A1FXJzWSYmZsjlK7hUJ0kjT29Pp4S+tsONt7EOS9GwZmbp3/0yPm+Qni3nkD54nHS6wBuu3oBDqP9sm5JpEhHdVvPsrXBVwhdblRKKKhSJOk2rmxjLuKjmUpweHcdlQzwU5bFHHmHxkkX4wrVpEDsfe5K3f+yjtDfGUcbGRW8d/Y88yKKLLqM8M01ibIj2t90kUwPBWCupwyj+RbXTYFoUUinZ6y/E56VsvlZrUVWpzg90hTHnVNnrooq9rVsoXtE+/nopkGIVK7aw1LGdOwgH/BSzWeKdnQyNTzExdIq169fy3Tu/SyxYT33Uy9RshmPHhlnU20UoqFMoKcylk+zct4fO1gacrpq6XMBL4TlWrOjm0IHDtDQ10rK4lwf+59d4/AG5mxwuJ+WqSVtbE16/B18kjJi2YjudmKUipw4cI1IXpW7VMnKDg7jqGtnQEkIza5m2OL0CujqcOpoQaMg8Q8EWKg/BuykW4dYY7riHX/1iKwu6lkngIoYUNIQ8JKcTzBllQpqTvk0rOLq7n7qOdlp62nj0ySdZmphhz9Fjcj1mjw/gP/8cVq9bSyRWL41+cvfj4K+ju72PciZHPp2RCMsTCkkNsy2KY0ZVnhLVk8Uuh2pNOSJB120Ud20wTu0ozX+xC2UbT00amjh2XB51X30Dvvp6uQN/8OVvyiabuliI5EyOoyeG6O1qxx/2sOPFvXQ0NtDe08rkdJGirVDN5/H4XAS8DoJ+L4PDY1IG89F//WdUp8r73/xuKYERsSaTTtHY3CAnRkT8AVK5HO09CzGqVY7vO0zLsoWEGuvJj4yz98g+/s+1V6A6vRiil13RUVUNS63BTBFLatSMCB81Dku4hmhrHZ64h1NHRjBTaQqeJizRfu11yI0zOzzG+ddfjMPh4cVnX2BubJTL/+bNcp0euvd+rjlnpYwLiHxBMbGEy2lqkqDHsEqo6eNUtR5yE5MytrsDPvz1da9EXiFYFztTceahKnTEoDgFyquCJwRPPQsrVqLUxWp2+epnPm///fvfT7AxglWpYhkGusvLh258P5duWYnTpVEqWzLYPf7cYdavXMihgSECTo0FC3uYTGblAzaENX75u4dY17eKxUsXMT2doGf1cgb3H2XtBeewfvMG/s+N75fDBfoWtJNOp5lNZfFHfXIaT0dPL4qiS2OcPjzAggs2YGQKWEWDXXu2saguTnMkgMvlpqGpV7YtixMo+guFIYSBz5wQkYOJLFnMKnB5XUT76mReJgwwtOMAs44G2YImFr1SKXL2FZtRFYvtj2zlnCsukrB1uP8ojz69lb+7WTDYlixrCMWhw+9EET2X2QJaWyeGaZCbnMCcLUpE6IuGcXi8Uqf1avuF0PHOgh1EUUUNxkQIfMX4kszT24lcdQ2IGC0M8s3bPmsLzVKsLshjW/dRqpbkjrvm4nXEo0FOnJ6gqSHErx7ZjdepMzk2yqJVK9E1NyEfVBSTWz/8IbSyxTc+/Xlau9qkanA6O8dnv/YFvv7h27ntm7dzyzU3kZya4a3XX0OpWOXIwEnCQs4DhFxeSSH44g2Uc1ncLS2kxidIzyQ4+4ILZWZdmiuQm5mjNDlOSqqNLSLBCOcubZFu64zCQxagTKPmOsIeSpkc4aYQ7vqQBDV20SSZMdm//ySxaAPZ7BwXXn8JhXSGf/vnT7J6+Ur2793Hhk1nsWBtE10LN3Pg0SdYvmLR/E7XUcTMFvE53gj2XAIl3Eh//yGWLBE/Y8sSgLD2GaPIpM84je1or3FxcvBLVVYxKdvY8RAK85MuvvPx24XE8JWu6aHJFDdetwGnxyuHlNXFYtz9iydwOIN87e6vyw7dM23QYjHFv7fe/wgvP/UMgXhYwk7RwPPBr3xG5hJf+eBn+adv3s4X/+F2Vq5uY3a2xM9+8SsuuGwLTkGhV8p0dvbIzDWVmkOzTZJTsxw7PcCtH/4Ip44eJTk6Jfs61FIVPRJkdipJa1szLe09sj0tPXmCVQsaZd+GgLfyvjDxhryUc2Jmi4vAgrhkGYTBnvjF06y+ZA0jAzZ9a5olS+APhDix+2V6Vq1EZI7i1BYTQoC9mBd/91tCbi8RAe03bOR/bv8nbvroh1HEdAqfiANilWvVR1uACsEUVE15gsXKzpUSMjdpal4kRRliAwmWuZapW9gOgbxqaEv5xxs/ZAs00tFSx8jYNO3NdSxb0kQ6nWPlql727j/GS/unZC9F57pl3PTOm14JQCYlPv/uf5Z9h0GvA6fLxVRimi//4E55c4VMnjs/e4cQ5XHg4D5uvOlKRsbmyIopQsEQicQ0OgqBcBhTc+KslhmfShNvbcLj89O7bDH7tj6Hw3YQbm/C5XBj2kInK7q7DKKNTex4/hnOOnsLqZlRzNQQq5ctk+13IpwI6Kk5ddmq51WzRFYslQZ58tfPs+rC5Tg0N05XAN1fh9frlk1JQpojZ3H96ld0NjWwetV6dj/2OG5FYem568DlRw36MCwbbfw0RKMo3phU3YvFVnIl2Z0sKf55Ol7xZKEkuotfTa4lASwGFQjW1+WW6kjpsh77wQ/F4WJ0ZIKXjpzi0nOW4XM7Zc+ggLb7T8wRDXjkBwgq3qtDc30YS1HJF5FTeRxWHocnhOLQ+eAXPv5qKmnBlz70OcktLVvRLBHUgZFx6oMRUskZyZnF/CG5Y8Sm8gT8RGMtJFIJ3G4v0XBMGllksOKSwwYsm2xyFsusSrRWzOeIxeqZmhkhHqsn4oeGllaszCQuh02lUME2LPwhJ4GOehnDXnp+P611Hfgb3PKeXRHRzAN+v18+4z3f/BbdC7o595JLee+Nt/AP77yZruYmOS1ClKPDjfWo1QK0tEiStSaYLnFq71N0954v6+iSMBXexJVBKf+eMYTPkjUYW6irsL1ipFSNolce/+8f2YMTU9z6ydu465NfYNP6BfT3D8mU/sDANB6ni7x4KBSa6gJ0dAhhs4uhkVnCIScNsTA/uvsXnHfehdJIH/rSqwb55Ds+LDVW9U1O2Wx5dGpWKsezqZT0pcdPneDcCy6S80GyE1PodTFcqhvN4+Klnbt443XX13B6tYbnbdFJK3rjhVAiM4M/EJXwWnT91qQ8KkOnjsuhZO0NfgTCrapuDj+zjTXrVuFrDsrYMjuexCh5ZZD3tzlxBLukQQRL8PJLL7Bu01k1khCFrY8+ztqGOoxCjpKq0bxkFfgUrJkUthCTKy5sv5untj5Pa1sdS3oXgOVlx57trF65AZeYpCRX+vdYD2GQ+SqhDOhCtC5+rJzP26Ju8N///h9Up+YIuDUaW2KMjSV4+6c+zs/+9RsomrC4GInhkadHVYVsRihKShw7eIruvl6mEmne8+kP4RGT3Gy47eb/Q0M8SrFYZdWKNmYMjWq1QmpySramuVTh5nyyPdkXi5McGmHpxZczOzSCPx6RjKhgDSS/U2vQlW3YhmGRK+bkRhFuQsQsefQFnWNWJa8lgndzU4yh04O0NYcIxXyyJ7KpvQ7V6ZSA4MGfPMpZm85D9dhEeheJwS3oniDD27ay8CpRkjXZ9vgzTB8+QFM0TktbB/F4HN3pxh3QwefGDEQwTpzA1VTP1keeBo+XC8+uQ3EJfsuUe0kyuWd6CueNIBdeGGBeHiTr6fNdaYotp4TB9z71eZYs7+KEEHPZCrd84mM1GWatzV+O3tNE1U0W7WuqjVrTCfzs6/9JMjXHh774CVmq/dcPfAZ/KEB6tsKyZfVMpEtSApNLJGUnU8moUrZNOQnOF/CTLlfoWtCLK1bP7MQYoUAYlzcgexdlw4sgHMVtli3Z+CmqdWWrgs/plaeiYldeKT5JWayY0GCK1wSadGLJf+v4vG42ndMo0mTsvMXkcEais9CyPlyqgtvjZ3LwAA888ASLVq8lPXCMa9/7bo4+9AjprBDcmVilCmvP3YhTdPg6XahuJzt37yI3Os4517wB3Riif28/Ky56a63TVpQihIR/nnyslYtFEV8VtyFrSrJtQXSuaQ4hWzJFysuP/vlLUsnX0l7P6ZEEt37m468kWq8GhT/8l3CV3/n0HdJQH/jybXznM1+Xv2dWDEwzgy/eKmnzcmpO8kZ5RXy4yb7+A1z5xmsl0Bg6coRV11zP0T17WbVuk3QFgWyGgujk1h0IIZ+sMVVE839FupO5nCh2VaTfF7tNNMKcCZq2XZU0jFiEYDgkDWSaZRmsddXBlouFpNXgpUf20tG9kOjCFhR3BK06x8DBYwTdKseOD3H5TW+RcqCpp7fJZFmUCMQWFJRPMBbDWxfBE4ngaIjw1N33cOH1N7Bt+3YuWF+PHV1V6+UXCy2Tw/mU/Iy0VNyfDOzCVc0r4AXDYRqWNNi9X/umbCSpa6rj0lv+VkK/v+ZKJdP87N/uomoo6EIuaUNTS4jHn3ielevXyTmIotwrpoWWbJO6zjaSp0dwiXm+IT8ut4fd4iFuuJGH77mH97z5LbU5JSK30HVODp2iqU109TqpCmZVEaOYFMrVihy7VKxaGCVRdVQkTaHqIkGsMdIC5orzXdcQp76+jsHj/TIWitN2yaV9nNx9gtZ1G2XCJ05KMBLGVnSq2UnwN+KUo6ggufNlDNEhLLyM7sTf3CxjVm4uw+TwMMvfdA1P/fTnXPzmG2rih2I/quJAiS5/1SCvFTuIGxSdQSLZEI22NchS68K1C0U5c/E/bv8Ct65fz+/GJ7jug//wV4xGFZ2lKj/5x5upxFfxwvMvsnb9elqaGpgtlSR9MTkzRdwTQBMnQzTp9PUx2H+IkJhIp2ly4oMvGODk8UGKRYNrLrgAx7xkRxFwVRzv+XGu3/3xf3DLO97Hzj27WLd2o+SHRAubGDeTTiRlW0FjSx0ej5OpcZE6muhODZ/XRe+SnpqM1LT5nx/exZXX/w2DR49zww2ryRmNzCXGqG/vQog9xD4eefZ5Ws/bJCe0iuv0M9vxipZsXcMdikmeSrhNIR70XXCu9ACVfBGPKIGiMnn0WRqbQhBbVSvpV8WQgPkTIty81AIr0mW9Oil5Pqgf/vnd9pJr30by9tvJdvVw3+AgH/nqF/9o67KEcoqglXVe+Mm32d4/Q9Dho//4US4+bzOT+TwRv4/ZuRzTiSkamltQnC4KE5NyFwca6qmk0yhOwSPpBOMxUjNTROu7ePqJx3jvddfirwvh9PlFW7+suZTnsq8IEqQaXqkQikSZnEqh6U4MMUcrJ5hVsRY60YiLcNAlDeYWdXilgubwzYuqbTnE+dTxfjpXrubongOcd9VFaIZFOpOgu2+hNIDQZz1357+y5aOfkAv85Vvfzd+9851oHj+66CKWM4tNgksWyMGdY4OnaO3tfo1DKWAl+lHr5sUNomnnDJUyHz/+cEjzvEGMdNr+zfe/h2EoZMsl3vW5z2IJRlIiNRHAVZT0KMeefIjGkIu7tk0RDai01MfoPzJGOBag/8gQZ69bxrZt21i2biOZdJJIcweiJKdkcxRyeRxOB4bQBKsqL+1+mYULF9He18fp48fwRXtlefOyNe14AqHfm5dlSgZaTKiWuZBqs+/Ifsm6zkyLNjyX1GMJzXDVmh96rIrpF06CIQ919cGaKnF+DJQQP7hFs9HAKVaft1bqiNuam1DdOm7RojCv26JSlayzIVr4XtxOR7wZRYxj0jWpO9j68IO8+dOflCdqqn+QxiWvTsCTSWFyF0p8w/ykh9eoJmVD86tT+V4fFsQQ6+T/0953Bsd1XWl+L3d6nRuNnAgCJChSIkVSpKxkWdIojPPIY49taWRb8jiMy3Z5veWw3qqd2TC1dnk98tozq7Elje2RbElWMBVpKlEUgxgFgiQAgiDRyB2AzuF1v7d1zm1A8qx39+/+WFSpRIkAuvu+e8895zvf9520Q+7Vj//4J6jUG5hLLqPhyPCZXrbO6OvvQi5L2YiMSDyKMhEiuA2pYnJmBrAknBubxJU7t6M94Mf5ZBL+YGxN9iurDgqJWZZrBUxCOyWkMhk2hIn398JjhjAzXeCC7E+v6oXqcove8rtax/Rnq1ZBhRRV5QasehUvvL4PN99+OzJLWTR0H6mO0dbRyuQC6hCWSnm4iUPucsPjIYMz6lmvelspiIWFlqMueRiFpvqENPDvNsixS3kcfP0kMx8HQ2TEI7PSTHIaCG0bZIJf5swkIsPr/uDnDjz6BLbffhN0M9g8CH/Mx/eP+2dJ9syMA7cb/+17/x6ReAfu+sbXuJdezOXxb776dfR1dHNvvKu9nWkyLkojDR0f/sTd+PU/PsB96VShjHjAi30HDqKjbx3CLXGoBHHIOqrkClStcC/8HQYfMcMlBHu70XbZFoy+McIc3Ft3DnA+LghnQlwvUvVmpc4xt4ZL56awkljAz156Gl/95neRypQI1uWmgu7zca1AlFh6sC76d7XAOQoxafg9yA5aIj5W99qyDz4nw/zlpKOiq5fMM9/5smwbp144DJsIdZKE9ZEIGlYF5ZVlzMluXPm+7WvAJv3ul371OBYX5nHXN76ydlH/H7NUMgIlI+fmN0n2+QmHpMxP/Pxh1CQFH//y55kwRxbehM0IVX+TTs9FiYx6rYELLz+F0ekcXqN6D1QAACAASURBVNr/Bi6/fCsOHH4T11xzLVNoxibPY0P/ADIkEIVIgT1eNxdshUIFA4NtuDAxB7O7E9VGGabm55C0Y10XDNMUxR4pNlg8ucqnElboJDUwTBdeefAxeCJtOJJJobdzAMHOXtiSShQ8zu05U8tl3yHEURZMvo6ajL5OHzxuCY4WA2QbAamE8nIeqfkUBm+56X9J9516HuNjy8iOn2V5ds2xsamtFaOFEnS2Rncwl1+C1+VFJBzE1vfs+t88DF7MP3g+dD04hQv41bf+Hp/68Y8hOdMz/B17HnkEqubGdbfdjEbVgq+vS+xMWhymPUqQyN6CirKRl/HcSA5uhVQJRc4yeOfpLsi6C4szFzG/OA8fqZKsBgY6e+DxennHk75v3cYunDt3EaHuLvz5fZ/E1774NVy7bTda/R50dHYIokITe1t172TyhAJ4/Q4MP1k6JXHktQkm0BW6iebZdJzmDh0VrVTFy5yDuAyFszDyPCHgsVapoDXkhssk+ybg7NG92Ll9OxInpzB023WQVZf4zHadsTOSNBBkM3b6LHcpabMUp2bQ8AWQTCcRj8Y4m7J9DrZfezW0/6tN7CpVt2ksUEzwZkslqpDsVMpxsjm88vzz3Ii58RMfQ352FhrN1ohEOF2kq52yBJmynouv4YW3K7AcGZMLFxH2tWA2tYAWwwctFMJ04iK6u3rx2c/ciWceeQqp1Aq11tjzkNgjZImxa9cVOH1mEqH+Xnz8vrvwz798mKvbm4e3YmBDPxT2WBeQA9fqtCgkFdMU+GMaZI1wIAW/f3APgj192D89j5b2TsSDQWimKYqtShVWNsN3kkaOCVRg6oKxTv9Qddwa8sDr8WKlmIcfKZw6NYr33P5R/nuCzZkV35S90eYsz8xgKlVaC1ENSYVD9ufFIkrpDKbn53DnPR9HvVxif+DV2kIciT/ubG0lLkFWilDcZM9M99PkBYcykPnEBMZOT+O6D9+OUnKZmRUava1KmYln9ObGjr2I0YzJOfUN1+3EM3tfQ6Vax8LSAlpot5QLaGuJ4t6//AtIuoL7/+4n/FApVmgN8kCs455v/zX2P/QIzk9chN7eik998bMiA5IlfOfzX8F9n/okm5Fxb4CbOfRAbEh2DY6kIdzugazVAa+GZ//z4+jauhVpjx9qwEQtQ3pxgbTSArqorrAErEK8WwrBRKqmO4RPXKWGjs4oPKYJKzuFkaMn8Z47Pii+t8n/pX6L2myyEFQ0sv8QZDMs0AjqSpoRNAh4LBSxYctGmGESq4ou1DtdpnediFXvLBCmBpQO7IMnFIcUUOFoRJZIzDgSURwBPP/8XpydGMd9d9/DVanZ1gqnkAesChZmxrHnyDSCoQBePbAX9/+77+Kfnv69UA2lltDq80N269h02Xrs3nElG+/f9+kv4qr3vg+qovOmPXnoTfzgl/+Ip370EDLJWSwB+ObffHvNqqheqWLureNQVNc7cPRqOLQt5h3rXhnesA7D58O+f3qRGTFL7hA0n4ed4ByyCmyyAOkKZI8sVeVWL+98sr+gE0I0IVqSWg2DQyYUdyfs5Un+WUoKPC3dYlc7glTt1ArwkuiVWP1vTwoOFamuPCHRo1FUbNrYy+eADHKov8KnPJcBXM3Ps6rYYgRBRvXCFKTZBDQyqGZ1VQNScnzcCVJf2q2hduEElqwgIr4gvITpt4SE0siu418eeRKxSCsupBZx75/egoZbx4OPv8B59mJyESv5FWzoHsC9n/mYqEQVDQ/89wchB8IMm9SWkvjcd77EUMFH3nsH7v7gnTg4dQbdm9bh85//Ar95+mCJ/Yegkvtpsz9AIYvrj4bF6abmUYjiC080jEO/OQQtEEDaEwJc5HVioLKcYiMAahLViwI8JHYLnwgyryETT5rWQL+XDP6JdipLGOqLQLaLqNQVHkpAfC5vrJ0/eyWbBZwqjFAvzKALEyfHGLbhkGqS+N/B8HAvfwZB/eE/cSjjtWDuVdMzi+mcTW2j00Dt4EH+K3o/8jXXQaolRh010MLk6NT423jogccxNLgRN+zaAQ+lkC4NiWN7ceCSzWHpxpt3sYJ135tHcGF6iU/IfGoRMa8XX7r3LhG/6TJ3JDzwwK+gBULQ6hZKqRS+8L2v88+SPnzPjx7GolOC7ZVxz2c/y9jZzPgl1BIXoLsCfLGLdFeQBVYfCN0f3oAEb2sQL//yDSxAQzjeBlesBVVaAMuCavpQLxZ5sQnG112C5cJuq/UaMXBEaKMGEafWMpM5envjyJETN1n7qYBhulEvl2E5EnRXAx6vglD3EH7yvf+CGz9KvRpqIAZRg41hhmdo8zQ4JDr5AuNq4pgQ30zjDSEGYonC0CG7Dt2D3OnTMLcMi/lfdnbWgcsvXBYaFhaOvoqwpwPzqWV0dHRAcbnw4suvwYCG995y/Rqi+r3/+J/Q3b+FP+Sl2Rls7GzBpz9B6GhTR6co+IcHfw3NY2J5+gK+/O2vwu3ywFZl1GUVL93/S6xoNj5x7ydx//f+K/N1HUPF9RsGoHl8kGVRNfMb534C9ajr3GAwwyrMtgD23P8spM07EAgFYckyrOyyWGCXC+WcaIIZmsZaQCGMaaBBjm4q9d6bUEWTGkJOQn0DfczVInpSmKTcDDk5KCoaXFINLi/QNriRW7+jJ0d5rek1t9x4A3MNXnzsGdz6iQ+itpSAprsgNZkkqw+F4CzJTTczQO1Wh9obOiUQ7/jIS6VjbzlySxzV7Aoq8yvwRUwcPT6CrUP9GLt4CS3GCo7Pydi9fQti8ZigtsgSfvCT+xFqWc+p8OzyMr7z158RH3oVGlBl/MODj0F1eaHVG/j0X/059r+0D9ffcTuTEZ7+0S9Rctmo1SxUKRYTGi2p2L6+C36+NN85IbzJCH+n3ec04AtqcHcF8OT3H4X/iqthtMRgUzcxJ+wIZYNoqMucEFArmEIWG0w6NPKImq4CNRYtYRuKS2fYpKe/D+mFJSwuziPmdsPd5DZbdPfIQLxNhRZshTdg4shjL/DF3drZhZlMGtfccQvefOl1vOdPrhdI+8oSZJ0abE3pHF3K9GdCOYgITlvN0EXDbLXMo0Rg5pHHHbpM9SBBzwo8sQAbiTXoOCsK5hIXkV9p4Jrrd6wVNDSv6be/ewGVqoJGvcYWe9/66mdFs4UzPPLJlfCtv/kBBjcMY3luDjdFPOi/59Pwel347cMvYqWUQVz3sVmNJmto2FUYHjfOHTuJe+/+FD+QJu+t2Z9uiIdCrTHFQftwHF+9/VP40H/4ERqUlVkN1AoFRnnJw7JeIc2LoP/TF80mKVZorIV4i6s8LlowuuPivR1oicWwkJhFcnEeEdMHDzFdeAMCjuFGvN1AA16E42G8vfcIatU88wCGdm/F28fHsZ3XSMboodexcWgDow68gekObBpNr2FlvE6S6BTWLb5bbUOFNPHzXzCFgGIhdQjJBpZIbLppIp+ZwlsjM/joR97PbEHNI2IxX2aKG0defQ2ji1m8Z8cmxOPEPJfZfIWcDOiBfOXffhuGN8R+V1/55lew9/m9uDS5IH6HpKDd5cdsdYWdQrUGoHoMhmKu2ryp2ZoVTBnB4BC+t9zqoEzJJeHrX7oPd333fq41SENCIZcWgP0ZCbtiBzpFdDplGeUK2Y2Ly5jwPfreYCjMhmXxtlb4wwHMX0qgVMjBpRG/2QF5UpBWEboHbT0+5JbKaB/uR/LkRaTyaW4PVCtFOEYQV912Ler1GhRKAt7lLseGlzxJjqHatYqE4CLK4Oi+JWiJlLnS9K+fdGynDt3w8NPyRkMo53M8BWH+0gW09w3A5zLWvG01gkB0DU+98RbcmWWkLQc3XX0Fj7FgXbhNMjEVhscLX8iPhx7dA1hFrB/agXNjp3lRiN9ED033m/D7TOi6hjdeewX5XA5bNm3Cri0bmqnvGslK+FFRr6SpqCWBzkOP/gZbrr2NMzKtWEKBvFS4717nO+LdBDrLIoMwqmeYvsLdUdMfwPJKBp2xVhhuF1p7OzB3KcE1Ra1WQsDjgZd7Fw4kcpnoiSGfyaGzrx0LZxeRLiR5E1J4pJNx1UfuwJ4HH8btH7pjTbDDx5EQAXZ1oCFnVGKI0YPMTya3vlqD36tO+vXEb57hBpXicjNBwEXuB3YDVrmCxakL6B/eyOIXKqgI/eW0zq3hfzz9e/QaAcjVBrZdM4R6s14QQVziXJ6mGTy2Zx+Wl3PYuXkbL+b2W67BqeNn+fspAyKqJ+kx6MKm3ebz0KCVMtyGiqd/8XPc+7m/YqSYTgjbANrU3aN5JwqOJxaZmEDp8vvXe2F3dODJ506vsc5XqaVUwK3GctqlnALLMgxdF3wsiRTBbrR3tmFsbIxFSESkiLkNGNyBpIJShTcSQI3MdLriSE2k+IEoqsJmb0uJBey8+Roe3ZddWkSAhpg1R/XxFAWeh2KjUZ6HVNEg25x4i/jZsPmhUKiX5vf83vH6fSgXK5wxuTtaOeMibff4yRFs2LYZGokjFRm1XJHDge1S8NPHXkA41orWooV4Txix1ndN6ZQcaG4Tv913GJt7h6CF/SjXa3C5hK2E8IOyEYhFkSO/dZo/pWjwGm6YET+7e6TnU3BTD4UsQiQJ7R4RjkT81/g0nktWCf1nmVzP5Nvo3XElXpxJcWdQaCA5wHHbltJmSkOpSOXUXLJRKRaxrrUFNZpPpUho72jF+OgZuHU3KpUcgrRBSUVGdxBlaz6Dq/OeDb1YODWFVDFP5RY8hoHOzihOHjqLHR+5nU8iUimRHTYbXmqQ2DhkUlYFLB00uWaVkUJ3TJ367hTO6m+POATGkeONxYmMzTKws8dPYPjyTczaUFQiM8ugy59alRSbf/zbFxCJxzGgmyhklrHl6kFeaOqkKZoby3UTC8kk9xBYNMMHZ7UvQC0a0qEQDCehITVQqpTYzi/gD/DCeUhZ1OQqhdev4zB5Yd8h9HeKgZHUkzmTtni+7dUoYD6RhOVUca6lB9Kq4QuFGzIVM8jtiPV1LBot5XNsE9IZDsNQAMtDCDNRh1px7sxpmBROieneaMDT3Om6x8VDaGh6wmVX9GP+7Dzm02nohgyfz4u2qBsjp2dw1Qdv4wexPHEOpk/AKJRVcjhiBTCt0rv4CjQAwbJQL9V5xJRUOnbK0U0XJH8IlZUcquUq98Of/JdH8JGP3wkX+ZloBjRa1FoNteYArrlcAa+PTuHOm3bizScPYMtNW5p+IcBCXsV0gowAhI03Lcb6bRsZQCPUtEb67Bqlngpmz03Cchxk8yuiCKRFUxW0dXYSaUwUhdQc6+3m30UAoXJqAo7PxqmsDKuWxtZKFWrGwsnublSrZb7c6UHQ3U1wCSUaFKJIBaa4PEjPTHEYXN/WhjLxv4hRBxut8Sgmxs4i6DVh1GvI1soIuwxosspGM426haV0FjuuGsLC2RQjK8VqFplUBlddvwMNGn8RCItjbFncmKPNTuGeZm8xQLZmeNM0F2hSTu16RWB3Y2+PO5TxUCbCZl7VCrSqhVf2PIsbbr0dQQMwmvOoKIwRjMCLpqt49LXj+Ogd12PfS/ugpxzc8pk7OJP4u+8/gM1bd/ACug0Phzl6U/TfhqHBkkjZJKGuAIOUHlI1rag4efQt1Gs1ZLNZnqC2add2UCs1eWmWP3yktx1W2YLq1THx2H5IA8R8F40jW3cxZbRWrTDNn6Mivb7bLTAszWAbWfLYXUmn0En6RqKwun2CrtOoIxIOYDaRQNg0IdWrSNIcraAJVVbhi/qZm0VKqyuGu5CayHFItOwcfEEJvlgndzX1Fpo23bwaaIQShaxcXQAY/EzESeWst/ke+c9NaRw/EI5zdQcL0wuQZRdqjoLpQ8+j77oP8IWXLxZx46YYGunk2gc1fB4cfO0UAoNxbN2yGY8/8RTksoUP3f0xfqNPP7Uf9WbS76LMTKW+tgOZTF4c0pvQNB8ZGonraQatImHosk10YWD06Anu5tFCt3X3INbVivTMPBYmZ7Bx52VYmsmgJeqBN+zFieMTgnxNcz40A7VymeUI1VKZHYVW7xvVMKB5yVXoPFo6umBQXUDi/aZmvVAosK98biWDgOlnu/WVlQyiPi90RYYvGsBCMoNwW5xpqmS+w5e9O49AB03aqfPnkv2ta/UT+enLuoLy9Bx0GofBzTaq0RR+ALxpeOZWs9ihCPHiEwcct0uCzy3DLlWF7QQNUamVUdVDPB1NowJLlzE5PYVd3UG0d1HNoWHf715Bw27g1o8LN5yxiQsY2rARz+89iJGTp/He629AYnaGxyJpQbfwqmpWx6v1BSOvqlDXJseneD5t/6YNaOgKRg4cZYF+18Ag32HBkBdH972JQGcbTziItgQRCps4deI8GjSi1U39eAkrS4sM4dOp5EXT3dzIymeW4PKa8Hp9IPMpiUdX0I61WdRPYZnuSZN6//UGioUVBAyitMrwBU1MJRbR3tuJcnIObV4xakPTizC7OiErdPdKQCiyRqG6dPIQeq7YBZSyrPQVhgUi0VgT86w2/1bJ1i/vPepYBFlbDfRGXJwKEh6UzxVx/swoWvvWQTFbYBPNsYlS7n/tOdz9Z3/CMrK3fv8G3nfnbfzmavU6Rs7MA7bKJ4AY7ZnFGYaj6cswPZzT0wVNtcJqKkrz2KnnEOtfL2ab2w0UknOQPD7Wz6fnFtDa14flbB49ve04ffAo/C0t7H5gBgLo7g7i2MGzjKpmUwv8Wm6ionJppEIxXMivpJmJ4gmRToTAEzGchmKJYVOoE+QNypCIDUkhjCpo2SYesgS3R8V0KofdN+wGrAKyk5nm7CjA5c3C3dHFUw9kkzZxU4fy0A9x819+jafd1edm+fU4FaZTQhGCTgn3CMR9yl5aRw6fdfKpPOpWFbrpRp9LDJOkMHZ4315s2n0D58iqrgsXNpJ+HT6C3Vdfi5DXwevPP4ejJ07h73/xAA6/dV5QJhs28gTQhVt4cV575SX09RFvyYHH9LEP4WqM5+KNROlcr1EWpKEuSwgQRZQGU2ZS0DUPalYFLb09LCFLJi7B5YuAhH4NGIhEAujpDOCVfceFYYCswO0TdCIiZzeqJTTsOgLRNuZrKfSLSd9BVbwDZFMZ+HyyEIRK5GhhsH0IJQf0YHyaIO5MZVZw7dXbYOWSqGQVfgC80dw5yD4X3GYU5ZUc3D3kfiFhz89+gPd/7hsi01pMoJ4vixNCIkM+JyTbphRe1G78/46NTDk0XNEqCcAr4Fi4bGs3EuOLPDK7fH4ctWgMDYUQ2Kaokj4UDwOz8KtHH0NIk1AqruCaW+/kMd7M6qIXdqkwyAq1XmdZsUaEgJ5WlNIrKBWLHL8jnW2olCrILzXdD2QJ3UMDzKOl+oe+rLqNfLnC2JricaG1uwMXT49A88eQXF5BNBLD1s3r4dYdPPPMqzCD0TUuAPGwKqW84GnF2kWfvSldyC+ISzcc8cMq5eD3m1wvEbOeXd8kMs8vIuIxcHrsPPyxKIbXtcOj2qgVVCh2UzXlOHAF8zAjHcywUVq6+HUKsxehe0PQgwEgtYBqelkwGUkXzTuSSgSRhfFFTooseiBUxtMiUTW8w6vDPRjFhbPzXByWLaBydgSD3T0YB+1erYkPAUePH8OWbTuYa1supDE1egqdQ5vhD0bQoNhMcmU6EYlZ5IplARiiweNWfeEg4z60O3zhMAKRKC6cGOWdS246RHIjprk4OTIbCeRp09CEgYaF3dftxq8e/mesu4LIaApUq4grtg1jz3NvwBciD10JpVIB5ZU0W+eF2rr5BLIBVd1CcZkYKQ04isNWIHa5iHjMj1SuAJOmYTsSCvkVuN0G2oNeXFxa5j4HhfPdW9fBGwkjRamvwA5hBCj71GDGWmGbUb5HlhPjCHUNcgqMQhbVdAZagNrF1TXAlHr2ZOfEMIo/AOmtU1OrpFO88f2/wSc/9AEsTM1Cu/oauMkg3nFQsqizZmMqMYU8+TNqKqO4pGS1qOQjqiSFGwLKJA26bKPQqONCcgExi3A5H+9Ymkpw2ZbNXP1W6K4waGSexWL63uEhcbRrdcyNTzFxWydAkVkexLXWuF1Lmcz0mXGeRbht12acPDaL+cxF3HrT1dj/xlEQVETkOzL8L2XTLJ2m7MrwmtCIhU/AHy+icJjzhQLc86D2bzzoQqZQhNc0OfUmAWxLKISw6cJMOtPMVh1cfcMOuOUaUqM0cEZmSF9z5/jhuSJtgBnhDTF//ijaO4dRTSSBRkU4AQV8aBRrwtOFYCDKvEhBTLPmqeVw4sSE02DY3MGLP/4h/mLbFSyyoQGPkbs+CZUd2RQU6zX2QVw1/yLJDo3CXv1avaCZpUF6dU1jPlaAJjBnlwVAx/R7wFQN1BwHo2Nj6Onr5/SXhkV2rG923Wgn1+tIj03wa5SsGqqUp1OyoCqItMXhjwQZJXbrEs6NL+DAqy9iYP1lLOk2vD5k5hOCaKeocPvDUGpVnha3SoKgf2sel7AScUj3UYbfo6BUrfLg40tzCS5Qo+2dCPvcSNHgM0prFQk7r9yAR3/+MD58i7ARrKMKzVVCuKsPC/NzaBvawsuSvnAe4b4+ptPW5xZ57VbVwuQgrsWiQKkogFuC3+lyP3/gmEOpbZZ2MYD4kaMoFnIoJpPM2Nj8rbsxN0oj7Yj7S9I2CjqO4NPaJOIhBPZdZDbujTtILSVhlYvo6+nHci23xj4k9iN9UIqbLsVAoC2OdCqJbDKN4e1XCuJB8yt1ehQ5S1CA3u08TK3OOg1lVFR4A16sG+jA5LkzGJ+YhTcYZbu94kqGQ2KgpQeoFDnUCJCx6b1ItCAWJBGHy+E+u6E2mL+VopMFCW4ziGhPH6zUHCqVElRNgWqo2NzVhkKjBr9F5AUJpXoeXtNGuLMHEiUbsoTKcpJRj4DPyxAMCmWqsCGVK2xnhVhEwDmEAudI6+9ADkUgnT90yiFtIDWd8roH5eIK2t4a4dHc0BW8KZdw41XvZbky7fxCtUHTl+DIKjeC2MCMvOZV4RJNF3pqYRG2KqEjEOGQVqqLtJe+yCxZdgdgFVLsM+/TPYj1dPIlvzg9jb5NwyKkyBLSb58GDSyjnVU3PEK8TxItqogrZdSpTx4IoaW7Fb3xEB595HdQFAcef0Sk1bU687HIdo8HzLCteBNPo6xRpW6HcAyyqwXIZB5jVfjuoS5ipL0bJqG3M5PNNN3G5Zs3QHJqoDFR9DtdMOCiyXRdhgjNZgypiynITgqhvg2o03xe8iqjKJRZEfp1ki0QXZZOLKXX5QJz4uRYGNKh1046nGfrlH04rG7Kef2waLYhE7caDC5G62UxB4YSABtczTdkWwyWd5mQqwVux2ZTaVRrZZTKVWzqWYd0hU4HIa9i56sm6fzcnB3btQIsejMNG31DA1jJZDhBMDwh+H0OkqfPctihv6d1JKooz8KqiAk+dFIbwRYeNDawvhsBTcYTTzwraEBEPeKhkkDAH+bN0mDLqSbH2CNsz9n/kGqDSoHHyZYrBf5MgXgcfiLVSWCcjcw6e3v68Oqzv8U9X/4CGpUc7KYRWUwyER0gho6DxYSF2IY4CiTNa+tiSTZ7w9Mg5dkFOJGgGGrsVHjOll1fFAqPnCImDb3y3GFHzLqQ2GOxNR5H3etjeJxc0lY9s3RynCOlEd0Nmo6qpKBGtKZKjbEg6q0TxL2yuMQa7nBPP0LVIpKFnJjFzowBma0lVMOE7BVIKE8hbVRQK6ygtaMV81MXEO0bZmOb9OhZ1t3R5UsVNAcuKnNqTMLhn68EYpCJMQ8Fm4bb8ejPHke0vZUtQqx6GcFwK0rFMgr5NMLRLkgM1diAIYDP/MIlphhQb5seDJEiGAPzGOwnSeBgJpNmpGL7phjMcCteP3gSvX3tmJ84j9ahfnjggkfW+S7UvSpktQZv5wDfmdw/qlV4o9MJkcjpqCEgqKb5I6QibTRRTEovP3uI1OvNgEIOPSpPtJHdPobSCRpmt1LKEFhqJqNCZru0c+l/8Ks6cMp5ZNMZVtqOnT2H7bt2ITU3h1g8zsRnwsSI9s/dOkp/PX5A84ieAfU0bIlzfqeYhL+lA7WGCmN5kU8nB0ZS3DbBOOIeU+yl9LkebGEOGLVMibv7sx/+LbbvfB96BweRWppZ++DkOlSrlnDiyCHceOsHYZO0gLqILF4UJGjSsM/NzbHR86bhHhw9MYMPf2A9zoxO4MptO+GmUYLUPqaBBekC9HoRveu6MJWYw2BPO7ILOdSKDuCpwB3oBskGRg+/gp2Xb4NTqfJmlFqjcHIF0UenEMphgx4GOR04kN54+YRTt8hGaPUyFbbbdAESqVk0TlZtVQVLg2fi0sWkCNMXQnNly+IR2zQWYmpqEpu3bkU+k0FNcrBp2xWM7iZnZvhSFPoPekAGbNLika1EU89XyM7DIMGN2QYtvwDtX+u7RZyBVarwnVb3h/neIh/DbZf14xcPPMah1lAlVDNLSKwsYuOmHbypMqk5WCQE9ZlsU1utWmhtjXPYSiWT0F05XLtrC5azOk68PQrdFUL/QB8Guxws5x3ouh/hoBsel4yDp8+ju6cDVmYJl28bxszELNyqT+CALg9a19FIDQn23KygMNEDoSoo6INki54Thd1VqQWXDlRP733sZYeMjOkkSEpzxALLr2isg4KJyQkMDKwXiGpzKD39MIsbiRBGL2rbyCwu8twnmqAQCIYxuG0bavkshzKzNcojJBxNweBlNA1OY/I29a/5oqfBKjRfXTM4r19eScMFB/zxGpW1QfKriQHda7USSa01pIs1mC1xTJ46hgLN7ub3SOFMgimX0Tc8hMTMPDau68Fbo+dY6B+NtGF2Zgbd6zfi4ugIZpNz+LMP3IKyVYTfXcHYRAnRlggOHR5hJwlNlXD5FRthaBLKFWB4vQclxQPHUpGbnWJIf/t12+FQwkGWS6qM7KVllOpptDXbzVSlk0RaNol8SLSkpiKM1po8IksWfo0mZgAABP9JREFUq3WlZx/b7xCo5vU17YGYlWGjVqHLXPRCKE0olPJQmo41nMtTS5TAuHqDY3qSZnmQAMa2uas2fNVVqC5nWGyqh6MopJI8xc3wiVSRq2QKjaoLqi4jEAohlyuK6TSSjXhXB+bOTUJb9U5s1kq0A8+dm+DXSqfTaOnqQCWb4zQ1Eg1gNk3iIAndPZTtzKFvcx/mFooYWh9FdrmKEZrJG+3CwvwsejYO4+TBNxEOhbDt8vVcMScSo8gUIxjsieHkiVEMbxlC3TCRX04j6HVDRR16tAXroxX89Ke/xh233S6szJ0GrrzpRrbuK4yfh6+/H/bSHE8wJRIdF6RV6ovIkIPe5n34Th3HJMCqDWnvC8eIONs0ARNTbZgKSsOA6SJlBozOPlUWzdojAy/qAds2rJLosZdyJVSLGZCJW1tnF8bGJrBhx5WwMlTd2mI2iCLD9BtYujCNYEec/RTJ4pulqO9q1BAYSHD9ciGD/oFeFFIFFIoVLMzOcahnBg+FSZr4bNXgcbm50xlpCSKXLjCtpqW1FX4ab5elTEaCz6PDpdooFmooFKtIp2vcwg21tMEfCSExdg4Dfa2o1koIRoN45eAYBtvDaKh+xKImLNnghyXXKAPTmGK6vsVCQ3FjdnIJfeuGYaiAXk3yZqt6I/DrRA5riAdC5gbLK3AqYm01CltEnPtXX2xgs+/ZI1yHUCWtU/lOoYnzdYfjHDkn0J9pR65ysnhlqBdMuU69gdnpSfg9JnObqPIdOTOKzdt38gkhNS2FFMIlaYD85q0bOFbOTFzgcMbdPvZiEfWBZrgQaQkwvDIxOsnz2iMR4Tq9lBFUUdWxYUZC6OvrxYHDh6HZDjo64kjPpdA5dBmjwLpcweJKFYbuhaF7oOk1ZpNItRqm55eQWRF30LqNG3l+4Oix49h1zWbO4nJVE4lzp9C2cQuDQwRpEARDKA71WUKuMsrwYiBaxcTZRWzavBPu2hwnBnVfG3zepgyakh2rDsf0wpqehVMUmSItBvmDKfofmvHTXSPtffKAQxkKoZvUHOIFssgtgRlqsCjFlCRkM8ugvgld/cTQoIqdPLXK5SIjvORnxQkDMUua47lpAhn9Th4WT7p0GlDs1qCrMso0vpqIa7BE371ZVzBbXab55zYTLBITUyiXKhjcMISj+49wIRrvaOeKnuCTyQtTaJSrWNfTg8XZOQR7Bhk9yBXzQqsuk7hTheYmsoULAbmOSzOzKOYbiA/0o1rMQlJcgKJDkxswDQvLFS9SU2cR6d2I1HwCjlRFO3lzEVlBkzHYUsBMMYC+iA03yaSdEBq2gpGRk7hh9zDXI6TYdUxKVnRuZTRm5mDNL3EvhPArXiuenbUq/iROWwPSS4/vdzQf4f9CQ8H9Ejgol2p8UqjsJwyIdig5UPPlz6mfxmQ4g0YuEKmAL33AjEZQptqET6TMLEja4cTYMAM+PmWiqrdRKpKVK9kieVDJ51ArFcTDYR6UgkrJQqVcRoXmXNUsuAw3ljMr3EOg3+8OkL34LBsRayWyJJcxsGMb0nMrfKfkCkmKxpzvh2Im/N4AVHLMg4TzCcKqBOxtRru5b0KfN2SUkKu6sZS4hGhPPybePsFucpZK7WCCfCQMxSqYLvrZbbS/xcHY6Vm0d/ehLaKwe4SgghqQfLTgzQk72Syq41NrD4S7py5dqLmoYcWiJEII///X/1Mr8D8BPn3GXhiuy98AAAAASUVORK5CYII=');
INSERT INTO `ev_users` VALUES (18, 'a2', '$2a$10$LRyo7nDtF/aaItvUyp7d1et8qI5TrYTKE5YKrQJYTBU4jbGb3c9yS', NULL, NULL, NULL);
INSERT INTO `ev_users` VALUES (19, 'a5', '$2a$10$DmUGrh/nMXc7kxtMyucpPeTboJT3czXZUYNYWllrTFPFnQbWI4Dtq', NULL, NULL, NULL);
INSERT INTO `ev_users` VALUES (20, 'a3', '$2a$10$1yPcFYt2burvY/.TnqwC6uMd60oEByHEua9BKPRA4kriUS4KLzbhS', NULL, NULL, NULL);

-- ----------------------------
-- Table structure for users
-- ----------------------------
DROP TABLE IF EXISTS `users`;
CREATE TABLE `users`  (
  `id` int(0) NOT NULL AUTO_INCREMENT COMMENT '用户信息的唯一标识',
  `username` varchar(45) CHARACTER SET utf8mb4 COLLATE utf8mb4_0900_ai_ci NOT NULL,
  `password` varchar(45) CHARACTER SET utf8mb4 COLLATE utf8mb4_0900_ai_ci NOT NULL,
  `status` tinyint(1) NOT NULL DEFAULT 0 COMMENT '用户的状态，是一个布尔值\n0 表示用户状态正常\n1 表示用户被禁用',
  PRIMARY KEY (`id`) USING BTREE,
  UNIQUE INDEX `id_UNIQUE`(`id`) USING BTREE,
  UNIQUE INDEX `username_UNIQUE`(`username`) USING BTREE
) ENGINE = InnoDB AUTO_INCREMENT = 16 CHARACTER SET = utf8mb4 COLLATE = utf8mb4_0900_ai_ci COMMENT = '用户信息表' ROW_FORMAT = Dynamic;

-- ----------------------------
-- Records of users
-- ----------------------------
INSERT INTO `users` VALUES (1, 'zs', '123456', 0);
INSERT INTO `users` VALUES (2, 'yqp', '123', 0);
INSERT INTO `users` VALUES (3, 'yhl', '123456', 1);
INSERT INTO `users` VALUES (9, 'zzh', '123456', 0);
INSERT INTO `users` VALUES (12, 'cfs', '123456', 0);
INSERT INTO `users` VALUES (14, 'cxq', '123', 0);
INSERT INTO `users` VALUES (15, 'sy', '123', 0);

SET FOREIGN_KEY_CHECKS = 1;
